product_name,category,stock_level,price,last_updated
Attorney Collection,Home,565,149.69,2025-07-24T11:12:30
Become Political,Books,352,423.37,2025-06-09T03:59:34
Model Suffer,Home,488,323.55,2025-09-11T03:39:32
Recently Method,Clothing,320,18.89,2025-07-16T14:56:28
Close Congress,Electronics,635,187.11,2025-04-30T18:40:53
Argue Million,Home,293,45.91,2025-05-11T19:48:35
Of Box,Electronics,427,229.94,2025-04-27T16:33:49
Remain Really,Home,927,9.58,2025-05-01T08:07:10
Item Ready,Electronics,777,241.95,2025-02-19T16:50:14
Catch After,Electronics,30,477.43,2025-08-12T14:18:32
Discussion Account,Home,122,251.71,2025-06-19T21:13:01
Glass Result,Books,414,33.07,2025-02-06T21:24:34
Those Inside,Clothing,52,419.92,2025-07-04T04:16:56
Nor Mouth,Clothing,378,357.51,2025-07-03T13:36:13
Then Building,Home,727,276.27,2025-06-30T04:08:41
Necessary Another,Electronics,961,239.67,2025-01-24T16:45:48
Loss Style,Electronics,192,225.52,2025-06-30T10:10:41
Science While,Books,694,221.32,2025-08-17T04:09:16
Enjoy Manage,Books,405,70.87,2025-08-17T18:07:23
Where Father,Clothing,632,307.49,2025-09-07T06:37:08
Eight Yet,Electronics,587,4.16,2025-08-15T06:41:19
Pattern By,Home,502,219.66,2025-05-15T09:04:03
Knowledge Data,Electronics,729,418.54,2025-08-04T21:46:01
Approach Security,Electronics,119,225.98,2025-02-17T12:26:20
Pm Season,Home,194,214.78,2025-08-01T06:32:13
Upon Prepare,Books,784,469.36,2025-01-18T15:50:02
Conference Wear,Books,269,194.84,2025-03-06T10:35:41
General Small,Home,470,160.03,2025-02-22T17:03:12
Agree Big,Electronics,757,255.34,2025-09-11T23:39:59
Gun Next,Home,837,363.39,2025-06-20T22:08:39
Artist Success,Home,544,254.27,2025-09-01T06:56:55
Beyond Doctor,Home,692,480.84,2025-02-09T02:21:48
Design Third,Books,886,183.23,2025-08-01T02:45:54
Perhaps Among,Books,484,185.89,2025-08-24T12:49:19
Choose Appear,Home,767,119.29,2025-07-13T23:26:33
Fish Respond,Books,778,76.83,2025-01-13T05:27:00
Deep Involve,Clothing,652,89.7,2025-03-18T22:39:21
Daughter Cover,Home,440,408.14,2025-07-21T04:54:19
Decide While,Books,200,145.47,2025-07-18T20:56:34
Information Each,Electronics,102,100.22,2025-08-08T22:04:12
Possible Eat,Books,489,117.57,2025-04-08T01:01:46
Attention Assume,Electronics,954,455.19,2025-02-13T09:44:32
House Learn,Clothing,123,90.73,2025-08-31T11:55:07
Whether Call,Clothing,883,431.35,2025-01-24T09:51:41
Much Suggest,Clothing,626,348.24,2025-05-21T03:31:57
Such Air,Books,825,276.19,2025-03-20T16:46:41
Local Both,Electronics,161,305.1,2025-02-21T12:11:22
Forget Really,Electronics,952,203.54,2025-03-12T09:37:01
Save Center,Electronics,227,135.44,2025-06-07T09:29:09
Start Parent,Books,217,457.76,2025-09-06T20:08:55
Specific Environment,Clothing,903,336.48,2025-02-12T00:12:37
Perform Arm,Books,326,485.29,2025-01-15T08:50:33
Gun Security,Books,287,290.31,2025-08-04T06:44:40
Spring Others,Home,790,288.11,2025-03-29T21:51:20
Year Sort,Electronics,569,82.02,2025-03-08T22:09:55
Model Side,Books,544,410.99,2025-08-24T15:27:32
Fear International,Home,564,49.75,2025-08-29T03:23:37
Thought Civil,Electronics,614,287.55,2025-03-11T17:01:25
Indeed American,Clothing,186,115.8,2025-09-13T06:14:39
Important Also,Electronics,120,349.74,2025-02-18T10:03:36
Happen Strategy,Books,279,403.44,2025-04-08T14:29:59
Teacher Artist,Clothing,639,249.26,2025-07-29T02:08:00
Population City,Clothing,292,267.12,2025-06-08T17:23:02
Between History,Home,74,251.04,2025-02-14T15:22:04
Name Begin,Clothing,65,381.95,2025-06-01T00:37:34
Throughout Just,Home,875,371.95,2025-09-11T17:24:06
Without Four,Clothing,590,96.68,2025-07-09T17:39:43
Fine Everybody,Clothing,208,198.91,2025-07-28T03:13:46
Almost Rule,Electronics,387,479.76,2025-01-24T02:46:55
Coach Seat,Electronics,129,216.24,2025-09-01T21:54:34
Capital Together,Home,539,362.41,2025-06-29T17:59:55
Another Executive,Clothing,880,440.52,2025-07-27T07:46:10
Sing None,Books,409,240.98,2025-07-07T16:55:51
Toward Part,Books,174,63.07,2025-08-19T03:54:47
Someone Skill,Books,970,386.11,2025-06-12T11:45:36
Specific Reality,Home,155,469.34,2025-06-21T02:03:59
Fight Situation,Electronics,32,492.19,2025-03-09T01:28:20
Finish Sea,Clothing,983,60.48,2025-08-16T18:33:29
Him Decide,Electronics,836,218.78,2025-06-29T19:23:06
Baby Look,Electronics,987,110.78,2025-08-21T13:12:56
Detail City,Electronics,420,493.55,2025-02-06T16:24:36
Lawyer May,Electronics,278,377.09,2025-03-27T05:22:04
Bag Show,Electronics,408,174.7,2025-03-05T17:39:27
Stay Hear,Home,409,79.57,2025-05-09T22:38:12
Else Protect,Clothing,52,337.07,2025-04-10T01:50:48
Myself Decide,Home,597,229.12,2025-08-31T13:09:58
Specific Every,Home,473,471.89,2025-02-14T04:46:06
Evidence Remember,Books,911,327.8,2025-03-11T10:35:43
Less Night,Electronics,694,166.48,2025-01-11T01:56:54
Into Course,Clothing,569,310.35,2025-06-14T03:24:55
Sing National,Books,721,367.53,2025-07-19T22:14:36
Might Computer,Home,861,285.82,2025-04-07T20:58:48
Capital Shoulder,Home,303,108.27,2025-05-03T20:35:47
Her Shoulder,Books,377,494.09,2025-02-08T16:42:42
Energy Listen,Books,94,290.6,2025-03-24T22:13:51
Whole Half,Electronics,97,292.8,2025-08-30T12:18:43
Leave Information,Books,815,412.75,2025-04-10T20:31:00
Push Make,Home,870,69.7,2025-04-01T23:35:57
Force Type,Home,817,228.55,2025-01-14T04:28:33
Science View,Books,8,332.54,2025-01-21T04:53:41
Board Need,Home,931,344.77,2025-07-23T02:52:32
Game Those,Electronics,19,454.19,2025-02-28T21:46:32
Eight Suddenly,Home,166,274.13,2025-06-16T18:05:32
National Memory,Books,807,328.51,2025-08-10T10:54:43
Material Fly,Clothing,174,102.3,2025-02-05T16:14:34
Good Allow,Electronics,947,345.2,2025-06-21T00:50:28
War Scene,Electronics,777,481.53,2025-04-24T16:00:16
Along Effect,Books,396,260.4,2025-05-24T23:17:34
Different Maintain,Electronics,200,301.66,2025-04-20T12:25:12
Career Bill,Books,177,67.55,2025-02-04T18:45:31
Rule Simple,Books,109,283.12,2025-04-18T14:57:02
Recent Surface,Books,516,7.25,2025-06-10T12:16:22
Learn Election,Home,288,199.22,2025-07-25T10:16:38
Type Story,Clothing,787,237.87,2025-04-04T02:57:29
Statement Sort,Books,684,387.89,2025-03-27T20:05:56
Program Sometimes,Home,545,235.72,2025-03-29T15:33:43
Successful Become,Home,700,117.72,2025-05-04T03:18:14
Serve Where,Home,326,264.55,2025-07-25T09:30:15
Site With,Electronics,922,198.59,2025-04-12T03:18:06
Newspaper Talk,Home,850,186.71,2025-06-24T09:45:58
Born Hope,Home,902,191.45,2025-07-30T03:04:50
Learn Discover,Clothing,636,444.38,2025-06-19T17:19:17
Reflect Summer,Electronics,968,276.67,2025-08-10T03:59:16
Term Enter,Clothing,78,167.38,2025-06-27T20:40:33
Meeting Policy,Clothing,590,9.11,2025-01-15T15:59:28
Image Staff,Home,208,497.85,2025-08-31T19:39:41
Agency Sit,Electronics,186,76.9,2025-03-26T21:40:06
Whom Learn,Electronics,44,261.73,2025-08-07T21:27:44
On Attack,Home,231,271.37,2025-06-03T14:42:37
Build Financial,Electronics,993,418.98,2025-06-12T22:47:38
Perform Out,Electronics,725,99.15,2025-08-25T11:17:46
Door Mind,Electronics,810,307.13,2025-02-05T04:39:30
Fear Structure,Home,975,107.58,2025-02-04T00:43:57
Interest Society,Books,72,334.96,2025-08-02T11:00:45
Loss Student,Electronics,840,3.86,2025-06-04T19:12:58
Tell Age,Home,356,458.99,2025-01-03T05:27:55
Some Effect,Clothing,8,444.42,2025-04-13T07:31:15
Show Usually,Clothing,237,117.94,2025-07-25T05:41:28
Seat Mind,Electronics,598,382.11,2025-05-30T15:10:42
Tell Sister,Electronics,576,197.82,2025-07-12T06:21:00
Although You,Home,867,294.75,2025-01-04T03:03:29
More Agree,Books,171,283.19,2025-07-06T04:41:10
Democrat Him,Electronics,831,135.56,2025-06-03T00:50:23
Imagine Size,Home,350,236.66,2025-03-23T03:22:34
Player Blood,Books,89,457.74,2025-06-26T09:09:35
Lawyer Condition,Books,846,212.64,2025-08-30T04:08:58
Fire Fire,Home,712,314.16,2025-03-31T03:05:42
Group Price,Clothing,641,393.49,2025-08-08T16:35:25
Social Lot,Electronics,458,283.7,2025-03-19T08:54:26
Not Billion,Clothing,207,397.66,2025-05-12T00:01:22
Machine Stage,Clothing,227,92.99,2025-04-16T02:54:22
Crime Project,Home,778,113.68,2025-08-27T05:29:22
Area Positive,Clothing,339,18.37,2025-03-24T12:37:59
Message Suggest,Books,991,269.6,2025-02-22T17:05:35
Picture Parent,Books,481,7.72,2025-02-21T15:23:54
Budget Mean,Books,196,43.82,2025-01-29T12:44:31
Free Democratic,Electronics,538,204.1,2025-07-15T17:14:24
List Bag,Home,412,58.33,2025-01-10T00:20:27
Act Term,Clothing,14,369.79,2025-01-02T14:11:37
Right Finally,Books,458,162.47,2025-06-16T09:21:01
Series Well,Home,805,16.0,2025-05-30T20:28:32
Discuss Team,Books,13,154.8,2025-01-26T11:29:06
Resource Them,Books,583,285.52,2025-07-18T06:50:06
Itself Quite,Home,751,270.04,2025-02-13T13:46:48
Only Finally,Clothing,753,300.58,2025-05-23T01:13:59
Base Such,Electronics,792,146.56,2025-05-05T08:00:11
Region Value,Electronics,362,439.37,2025-06-09T13:33:16
Particular Hotel,Electronics,716,271.36,2025-01-27T09:09:37
About Exist,Home,731,438.86,2025-01-01T09:01:43
Court Television,Home,293,230.18,2025-08-13T22:58:45
Officer Result,Home,465,232.17,2025-08-07T17:38:16
Old Central,Electronics,179,32.83,2025-07-20T18:29:24
Catch Soon,Books,652,109.62,2025-06-09T02:11:25
Example Strong,Clothing,71,341.66,2025-05-05T08:10:43
Some Painting,Home,581,431.12,2025-05-06T16:06:49
Issue Despite,Electronics,929,311.24,2025-08-10T07:41:49
Herself Major,Home,917,441.49,2025-02-10T22:59:24
Any Project,Books,164,345.71,2025-06-08T20:01:34
Mission Likely,Clothing,683,338.65,2025-04-28T01:37:47
Court Study,Books,93,360.1,2025-01-07T19:06:47
Want Myself,Home,745,385.48,2025-02-15T10:05:33
Day Off,Books,817,197.38,2025-08-19T17:21:05
Dog Miss,Home,699,312.95,2025-01-11T22:54:09
Book Per,Electronics,299,203.47,2025-01-10T13:23:11
Whom Push,Books,93,329.71,2025-06-21T13:43:44
Interview Her,Clothing,40,338.18,2025-01-13T14:35:17
No Condition,Clothing,152,448.72,2025-08-02T07:38:26
Describe Probably,Home,61,166.82,2025-04-11T21:09:22
Sit Plant,Books,857,466.61,2025-07-09T18:54:49
Always Wall,Home,480,224.33,2025-08-27T12:01:00
Decade Also,Books,737,337.84,2025-05-23T01:41:37
Center Force,Electronics,944,293.91,2025-07-21T14:47:21
Debate East,Electronics,147,116.34,2025-02-06T21:29:46
News Little,Electronics,587,311.03,2025-05-14T09:54:43
Clearly Modern,Clothing,969,60.09,2025-02-23T18:10:15
Forget Itself,Books,535,337.59,2025-02-08T10:36:12
Her Stuff,Electronics,324,13.13,2025-07-20T11:05:21
Who Artist,Electronics,779,196.99,2025-01-28T20:42:53
School Purpose,Electronics,836,484.07,2025-03-21T12:01:53
Send Exactly,Books,837,325.25,2025-08-27T16:30:53
List Actually,Books,379,43.76,2025-08-19T09:44:16
Bag Often,Books,861,44.59,2025-08-22T15:50:00
Head To,Clothing,936,234.16,2025-01-14T20:57:27
Or Travel,Electronics,499,426.1,2025-03-22T20:01:49
Begin Much,Electronics,491,41.11,2025-07-18T15:29:44
Could Others,Clothing,343,276.64,2025-07-06T01:45:36
Green Way,Books,966,355.7,2025-07-27T16:57:19
Attorney Argue,Electronics,242,152.79,2025-03-17T02:35:11
A Three,Home,74,32.69,2025-07-26T13:09:48
Range Scene,Home,794,70.35,2025-02-02T02:30:41
Home Politics,Books,988,440.51,2025-07-13T08:25:59
Figure Fill,Books,591,395.85,2025-05-02T13:49:25
Seat Wonder,Electronics,387,274.45,2025-07-10T06:34:20
Baby Head,Books,980,166.52,2025-06-02T20:28:50
Through Much,Books,71,18.6,2025-01-29T21:28:08
Ground Cover,Home,474,334.9,2025-03-02T20:17:48
Matter Myself,Electronics,968,483.55,2025-05-30T22:59:52
Follow May,Clothing,288,470.39,2025-05-25T20:41:40
Seek Else,Books,837,264.62,2025-08-17T01:18:19
Piece Much,Home,609,281.76,2025-04-25T07:29:44
Man Book,Home,320,125.31,2025-07-03T01:37:02
Radio She,Books,397,18.37,2025-06-04T11:12:31
Issue Figure,Electronics,717,479.64,2025-05-17T09:07:46
Art Nearly,Books,558,272.92,2025-01-27T21:30:20
Effect Actually,Home,277,399.19,2025-01-24T18:46:51
Soldier Get,Electronics,274,41.68,2025-07-06T02:37:11
College More,Home,829,43.06,2025-05-20T12:44:39
Police Baby,Home,526,159.99,2025-07-24T06:03:40
Into Stay,Books,820,424.22,2025-06-28T05:12:21
Information Trip,Home,829,209.1,2025-01-31T16:59:24
Data Ball,Home,901,258.16,2025-04-23T21:26:06
Word Our,Books,232,185.73,2025-06-10T06:47:37
Record Character,Home,856,408.15,2025-05-09T18:30:10
Myself Before,Books,533,121.4,2025-01-16T18:52:49
Enough Lose,Books,736,16.6,2025-08-27T09:29:35
Alone Inside,Clothing,852,83.53,2025-06-03T14:18:21
Upon Provide,Books,211,138.85,2025-06-24T02:58:47
Table Response,Clothing,957,215.2,2025-07-12T20:34:47
Behavior Skin,Clothing,763,281.77,2025-07-25T02:22:48
Suffer Consumer,Books,826,474.14,2025-01-26T12:33:41
Last Set,Electronics,184,96.97,2025-07-22T12:45:44
Wind Act,Home,833,463.37,2025-02-22T02:16:25
Good Want,Books,244,298.14,2025-06-18T06:57:45
Everyone Age,Electronics,286,168.03,2025-02-16T16:38:40
Style Talk,Books,464,138.79,2025-06-01T16:04:34
Language Message,Clothing,766,497.11,2025-05-02T17:57:55
Society Social,Clothing,964,342.87,2025-06-08T02:21:45
Officer Painting,Clothing,881,355.89,2025-02-14T01:48:44
Position Up,Electronics,825,394.16,2025-05-11T09:45:33
The Brother,Home,672,476.73,2025-03-14T21:04:06
American Daughter,Home,918,375.45,2025-06-24T03:09:47
Tax Leg,Books,519,288.38,2025-06-24T05:15:52
Whose Simply,Clothing,310,65.26,2025-04-14T16:21:43
Audience Usually,Clothing,849,246.61,2025-02-12T04:17:00
Culture Front,Clothing,227,184.61,2025-06-24T00:57:49
New Stay,Home,224,473.24,2025-03-12T08:47:04
Health I,Clothing,175,463.54,2025-06-16T06:07:49
Low Team,Clothing,944,89.04,2025-02-10T22:05:30
Establish Both,Electronics,514,46.51,2025-04-30T10:30:28
Center Draw,Clothing,504,37.11,2025-01-11T00:41:59
Early Good,Clothing,719,468.87,2025-01-21T00:55:38
Near Land,Books,41,145.52,2025-04-28T05:31:23
Moment Listen,Books,352,161.3,2025-02-13T03:08:18
Image Knowledge,Books,207,138.8,2025-03-31T17:55:20
Man Weight,Books,354,130.53,2025-05-21T09:52:39
Black Guess,Electronics,576,227.73,2025-04-30T09:42:06
Age Process,Clothing,597,7.78,2025-03-13T07:36:44
Set Above,Clothing,51,495.72,2025-08-15T04:31:40
Ever Why,Home,168,266.75,2025-04-03T13:11:33
Mr Yet,Electronics,397,104.92,2025-08-08T05:45:53
Already Account,Clothing,270,282.68,2025-04-11T05:55:03
Drop Buy,Books,48,130.56,2025-04-15T22:56:46
Above Image,Electronics,698,151.4,2025-09-03T04:38:20
Actually Its,Clothing,838,380.52,2025-04-05T09:42:50
Scene Always,Electronics,343,53.83,2025-03-27T22:29:03
Build Discussion,Home,328,295.23,2025-07-03T22:55:30
Suddenly Owner,Electronics,927,392.01,2025-03-14T03:05:15
Military Word,Home,887,276.02,2025-07-18T19:45:43
Suddenly Pass,Books,711,258.96,2025-01-25T04:32:44
Human Early,Books,369,381.8,2025-08-24T20:42:15
Letter East,Clothing,71,320.01,2025-04-29T20:04:37
Time Energy,Books,390,472.17,2025-01-05T14:29:44
Group Health,Home,981,33.87,2025-01-11T13:48:07
Late State,Books,723,63.88,2025-08-31T07:06:01
Ago Material,Home,259,1.65,2025-03-24T08:04:41
Although Season,Books,392,332.21,2025-07-20T05:01:31
Floor Daughter,Electronics,223,82.77,2025-05-26T11:32:13
Though Side,Home,673,50.24,2025-04-13T19:25:28
Miss Have,Electronics,831,498.67,2025-03-04T18:46:12
Republican Which,Electronics,149,305.29,2025-09-08T11:06:49
About Book,Home,511,359.65,2025-07-10T03:37:57
Picture Defense,Electronics,167,202.77,2025-08-08T20:33:20
Majority Push,Home,922,58.41,2025-03-11T19:09:58
Argue Long,Clothing,929,159.23,2025-04-27T22:55:08
Anyone None,Clothing,454,76.3,2025-04-23T22:21:58
No Result,Home,505,216.9,2025-08-03T10:15:46
Room Research,Electronics,848,417.02,2025-02-14T11:26:20
Art Artist,Electronics,154,231.13,2025-03-04T22:37:31
Agreement Real,Clothing,578,276.75,2025-04-05T19:45:09
Store Coach,Electronics,820,221.16,2025-04-06T11:57:42
Through Until,Home,638,259.34,2025-07-31T01:29:47
Out Bag,Clothing,504,262.22,2025-01-15T10:52:02
All Answer,Electronics,996,439.91,2025-02-27T19:27:20
Which Tough,Electronics,686,386.79,2025-04-26T10:19:02
City Quickly,Home,147,183.14,2025-01-06T12:20:25
Century It,Books,426,203.18,2025-03-15T02:33:07
Away In,Home,604,187.45,2025-01-01T02:32:33
Need Agent,Clothing,404,36.66,2025-08-16T20:27:43
Mind Reduce,Clothing,978,313.91,2025-03-14T18:15:08
Bad Reality,Electronics,259,286.03,2025-05-07T07:56:58
Series Detail,Clothing,195,345.04,2025-07-26T23:30:17
Stay Push,Books,288,195.62,2025-02-07T19:41:05
Care Explain,Electronics,966,143.82,2025-03-30T15:39:26
Force Coach,Clothing,452,21.87,2025-03-06T03:21:55
Attorney Teacher,Home,383,209.55,2025-07-02T00:43:32
Per The,Electronics,277,3.25,2025-08-04T21:12:56
Example We,Clothing,686,148.59,2025-07-19T04:06:56
Have Commercial,Books,430,420.15,2025-03-30T19:36:11
Care Save,Books,185,172.7,2025-03-11T14:56:44
Institution Thing,Electronics,728,437.76,2025-04-10T16:24:12
Of Bit,Books,748,30.45,2025-06-01T15:36:15
Reality Exactly,Books,77,96.26,2025-06-30T06:01:11
Assume Answer,Home,955,435.24,2025-03-22T05:14:19
Worker Production,Electronics,809,473.86,2025-05-03T08:08:38
Similar Table,Books,247,335.61,2025-05-15T13:26:06
That Job,Home,796,273.94,2025-08-06T15:27:15
Better Evening,Books,473,333.35,2025-07-24T04:40:27
Finally Concern,Clothing,889,495.88,2025-06-06T10:00:55
Policy Along,Home,5,132.11,2025-02-04T19:40:30
Responsibility Since,Books,79,435.39,2025-02-07T10:16:53
Unit Third,Books,2,454.33,2025-03-31T11:25:00
Easy Second,Clothing,871,346.83,2025-02-21T10:43:49
Value Including,Books,233,31.57,2025-03-26T15:23:32
Congress Reduce,Clothing,546,109.14,2025-01-25T20:20:06
Into Image,Books,582,261.78,2025-05-24T16:16:42
Long Six,Books,404,133.27,2025-01-03T05:32:10
Stage Appear,Electronics,742,353.73,2025-02-18T00:48:55
Southern Move,Clothing,795,337.47,2025-09-01T10:37:06
Him Hair,Electronics,715,40.49,2025-09-10T11:06:56
Near Movement,Clothing,206,156.44,2025-06-05T13:26:35
Board Whole,Books,68,312.05,2025-08-13T18:49:35
Reveal Goal,Home,136,134.38,2025-02-15T04:04:55
Direction The,Clothing,460,323.51,2025-08-08T03:45:06
She Name,Home,580,492.53,2025-04-16T01:42:39
Might Since,Clothing,507,186.26,2025-07-02T15:03:31
Couple Blue,Electronics,581,94.01,2025-08-12T01:41:14
Year Find,Home,434,460.89,2025-03-05T14:58:45
Environmental Read,Electronics,561,396.56,2025-05-31T09:51:56
Use Left,Home,841,144.11,2025-02-04T21:42:33
Free Level,Home,900,45.67,2025-03-30T00:36:53
People Weight,Home,598,15.66,2025-02-15T11:04:35
Traditional Firm,Home,748,385.28,2025-06-19T09:43:41
Account Those,Electronics,147,400.4,2025-03-27T22:54:47
Board Oil,Home,285,286.98,2025-04-01T06:39:05
Seem Serve,Home,105,49.88,2025-05-31T23:50:49
Job There,Books,710,32.44,2025-05-22T18:44:01
Join Use,Books,475,168.35,2025-06-17T03:47:47
See Hit,Electronics,992,439.27,2025-05-20T00:54:28
Nice Human,Home,29,467.73,2025-06-29T06:31:54
Rock Build,Clothing,4,42.24,2025-09-06T09:58:28
Idea Trip,Electronics,30,309.36,2025-04-15T20:52:16
Man Body,Home,667,359.36,2025-05-15T05:29:23
Down Rise,Home,88,222.55,2025-02-03T10:07:08
Sign Action,Clothing,601,419.93,2025-08-17T00:51:22
In Issue,Home,488,177.37,2025-01-30T02:49:31
Him Seat,Home,308,78.55,2025-03-20T19:14:30
Sister Direction,Electronics,254,459.66,2025-08-24T04:34:05
Nothing Send,Electronics,667,168.24,2025-08-26T15:22:07
Difficult Leader,Home,594,443.29,2025-09-08T18:02:22
Foreign Argue,Home,276,194.11,2025-05-11T11:50:17
Focus Friend,Electronics,429,144.76,2025-06-04T13:49:07
Push This,Clothing,455,188.63,2025-07-12T18:47:54
Collection Office,Home,277,398.59,2025-05-03T19:55:11
Strong Report,Clothing,252,355.63,2025-06-15T10:58:16
Fall Also,Clothing,265,320.54,2025-07-08T13:00:11
Build First,Electronics,597,95.71,2025-06-22T22:31:11
Task Call,Electronics,502,448.47,2025-03-13T04:53:42
But Billion,Home,853,278.27,2025-06-27T04:02:36
Main Likely,Clothing,709,348.87,2025-06-10T20:32:50
Fly Direction,Home,586,139.46,2025-06-11T03:11:12
Commercial Listen,Electronics,534,364.07,2025-09-07T16:59:25
Grow Technology,Electronics,159,301.56,2025-09-11T17:31:30
Tend Health,Clothing,459,454.23,2025-03-18T00:42:30
Happy Poor,Home,989,120.55,2025-05-12T03:13:09
Prove Seven,Books,132,400.73,2025-07-30T18:21:10
Several Federal,Clothing,867,455.79,2025-06-08T12:32:56
Arrive While,Home,282,178.22,2025-09-05T19:48:21
Up Understand,Electronics,105,438.79,2025-08-22T15:44:54
Thousand Nearly,Home,308,15.23,2025-08-08T02:04:11
Bill Family,Electronics,287,282.72,2025-08-18T23:47:18
Table Water,Clothing,414,298.82,2025-01-08T09:41:35
Set Perform,Clothing,907,402.55,2025-02-06T17:16:20
Size Top,Home,508,210.88,2025-01-16T14:31:30
Box Arm,Home,136,145.37,2025-04-01T15:54:20
Hand Century,Electronics,767,324.46,2025-01-28T00:16:23
Yourself Society,Books,977,384.45,2025-01-02T08:48:01
Effect Interest,Electronics,200,125.86,2025-03-24T22:31:26
On Quality,Clothing,856,36.55,2025-01-19T10:49:45
Prove Customer,Clothing,647,106.28,2025-06-04T13:49:52
Entire Wonder,Electronics,182,400.51,2025-01-19T01:03:52
Suggest Garden,Electronics,321,77.81,2025-03-08T14:23:34
The Speech,Home,800,198.24,2025-07-14T23:15:08
Big Despite,Books,110,489.89,2025-08-25T14:30:48
Alone Structure,Electronics,578,223.14,2025-05-12T22:26:46
Seek Effort,Electronics,296,198.71,2025-08-20T19:26:27
Arm Several,Books,925,477.13,2025-06-06T14:05:23
Building Unit,Books,918,120.67,2025-07-10T12:09:43
Can Material,Home,826,63.48,2025-05-03T23:29:38
Range Natural,Books,568,284.53,2025-05-23T11:41:51
Plant Matter,Books,54,228.17,2025-06-26T09:24:12
Record Look,Home,122,94.93,2025-04-21T02:06:53
Everything Camera,Electronics,407,271.4,2025-03-25T18:52:58
Occur Police,Books,979,47.67,2025-02-17T04:04:19
Up Feeling,Clothing,107,476.79,2025-03-16T11:02:09
Under Scene,Books,262,343.07,2025-05-20T13:14:15
Choice Sound,Home,173,363.1,2025-07-14T06:48:01
Son Account,Electronics,616,366.59,2025-07-30T22:48:04
Doctor Yes,Home,91,426.97,2025-08-02T04:00:03
Issue Despite,Books,593,309.74,2025-01-12T08:23:49
Lead Speech,Books,360,58.75,2025-08-18T22:35:03
Mrs Note,Home,957,400.31,2025-07-10T11:49:24
Hot Wall,Clothing,159,287.03,2025-07-25T11:07:15
War Sea,Electronics,647,16.29,2025-02-02T03:08:48
Including Myself,Clothing,458,334.27,2025-03-31T11:32:16
Guy Performance,Electronics,652,40.22,2025-03-06T01:52:01
Poor Community,Clothing,399,367.45,2025-08-23T04:33:49
Notice Cut,Home,463,133.34,2025-04-06T13:35:43
Develop Either,Home,324,318.91,2025-01-26T19:24:24
Interview Quality,Home,527,357.81,2025-04-09T01:53:05
Speak Site,Home,466,139.83,2025-02-11T21:58:07
Population Treatment,Home,690,307.95,2025-02-28T09:11:01
Challenge Woman,Books,22,108.17,2025-06-27T04:46:17
Ball Order,Electronics,815,17.22,2025-03-29T20:25:09
Happy Consider,Electronics,95,63.11,2025-08-16T12:59:42
Suffer Ask,Books,543,398.11,2025-06-20T03:04:35
Stuff Challenge,Electronics,901,389.53,2025-08-21T00:05:32
Resource Its,Electronics,361,343.88,2025-03-29T18:53:05
Could Phone,Books,42,493.95,2025-05-05T00:41:25
Accept Speak,Electronics,651,385.74,2025-02-09T20:03:25
Value Its,Books,913,459.69,2025-03-08T18:11:27
Discuss Could,Electronics,983,17.14,2025-01-12T22:09:08
Ball Fast,Clothing,353,425.97,2025-06-19T20:36:43
Move Deep,Electronics,373,33.39,2025-03-18T23:24:57
Outside Reflect,Books,589,351.96,2025-08-13T08:11:57
College Cost,Books,301,10.57,2025-03-02T21:24:55
Simple Billion,Books,58,30.68,2025-04-23T19:44:46
Camera Senior,Home,750,6.72,2025-05-16T02:37:42
Professor Sea,Clothing,450,392.88,2025-05-16T16:30:59
Maintain Affect,Clothing,252,156.69,2025-01-01T15:54:47
Cell Few,Home,472,257.56,2025-02-28T23:04:06
Mission Reality,Electronics,239,422.59,2025-05-26T01:29:17
Wife Find,Electronics,815,44.9,2025-02-13T03:41:11
In Tax,Electronics,398,202.4,2025-02-09T05:28:15
Growth Try,Clothing,435,402.43,2025-03-17T07:59:23
Every Let,Clothing,879,497.23,2025-05-13T09:40:23
Space Generation,Books,992,69.02,2025-05-15T05:24:13
Far War,Electronics,634,283.17,2025-08-03T02:55:37
Subject His,Books,323,304.52,2025-05-10T17:36:28
Others Listen,Home,276,77.99,2025-04-23T22:02:42
Find Realize,Electronics,14,311.28,2025-06-30T05:48:58
Official Require,Electronics,861,409.31,2025-04-14T03:51:52
Painting Defense,Books,527,205.12,2025-09-02T09:21:15
May You,Home,957,470.22,2025-02-24T18:26:07
Cover General,Electronics,157,402.51,2025-03-08T11:59:31
Establish Human,Clothing,833,163.06,2025-06-27T05:19:14
Beyond Pm,Books,964,73.6,2025-08-25T22:30:25
Local Around,Clothing,79,223.79,2025-03-26T11:38:13
Note Station,Clothing,125,98.31,2025-03-07T17:06:23
Sing Because,Electronics,215,275.73,2025-05-26T04:34:28
Piece Region,Electronics,309,228.01,2025-02-02T01:50:23
However Notice,Clothing,22,286.1,2025-01-19T07:51:45
Direction Player,Home,16,299.73,2025-01-01T18:17:00
Amount Physical,Clothing,817,63.36,2025-02-05T15:30:45
Event Country,Books,795,256.0,2025-08-12T10:30:05
Decade Center,Electronics,877,430.88,2025-01-06T19:55:10
Hit Nothing,Home,800,4.85,2025-08-28T19:26:36
Not Other,Home,338,227.48,2025-03-22T03:45:09
Policy Part,Clothing,129,272.45,2025-09-01T16:30:46
Trouble Popular,Electronics,723,208.33,2025-07-31T02:05:49
Value Game,Clothing,568,156.72,2025-09-10T06:52:14
Choose View,Home,592,389.39,2025-04-21T15:31:15
South Author,Home,509,331.48,2025-09-03T20:02:35
Sing Wish,Electronics,6,413.43,2025-09-11T17:00:51
Grow Role,Clothing,581,385.89,2025-01-12T10:41:18
Film Society,Home,814,162.41,2025-04-15T08:04:37
Sing History,Books,872,253.16,2025-09-03T00:42:41
Marriage Almost,Electronics,522,414.26,2025-03-29T17:51:20
Second Option,Books,308,176.2,2025-06-10T03:12:10
Recent Somebody,Clothing,4,58.23,2025-02-28T09:13:34
Growth Return,Books,538,499.54,2025-01-16T12:15:32
Light Change,Electronics,809,126.89,2025-01-18T19:38:44
And Believe,Clothing,520,120.7,2025-07-17T10:55:50
Course Management,Books,447,494.67,2025-02-10T22:40:45
Building Cause,Home,213,67.87,2025-06-01T00:05:50
Though Themselves,Home,261,278.3,2025-05-12T22:43:07
Between Clear,Electronics,649,348.47,2025-04-06T17:18:09
During Moment,Clothing,98,143.15,2025-04-30T02:13:00
Until Green,Books,620,498.0,2025-08-24T07:49:29
Produce Soon,Home,539,426.88,2025-07-22T14:05:04
Nor Senior,Books,397,188.85,2025-03-03T23:12:48
Audience Anyone,Books,744,68.7,2025-06-06T14:01:13
Paper Actually,Electronics,265,484.44,2025-05-21T21:31:51
Specific Food,Electronics,476,380.58,2025-04-26T11:10:55
End Once,Home,429,494.52,2025-03-01T01:26:59
Former Goal,Books,858,359.83,2025-07-03T09:31:01
Guess Face,Home,636,450.17,2025-01-06T04:15:09
Choice Property,Clothing,981,376.44,2025-03-14T20:02:46
Society Local,Home,647,186.04,2025-04-05T03:11:17
Seem If,Home,253,6.37,2025-02-22T06:05:02
Adult Answer,Home,710,365.31,2025-05-20T01:34:26
Guess Pattern,Electronics,324,247.15,2025-05-04T11:08:58
Doctor Degree,Electronics,600,492.0,2025-05-18T00:54:16
Media Employee,Electronics,278,2.43,2025-04-14T01:52:57
Size Daughter,Books,274,446.4,2025-02-15T07:33:57
Structure Process,Clothing,593,233.41,2025-09-10T15:21:26
Seek Manager,Electronics,892,178.84,2025-01-06T22:50:30
Then Front,Electronics,308,414.97,2025-06-28T17:09:09
Continue Light,Electronics,255,209.46,2025-06-24T16:52:23
Which Similar,Home,847,494.59,2025-08-13T13:19:27
Above Fall,Home,98,423.15,2025-04-03T04:00:37
Main Effect,Clothing,892,216.26,2025-06-17T01:41:07
Ball Town,Clothing,251,245.35,2025-02-09T16:29:52
Majority Medical,Electronics,939,301.38,2025-08-09T12:01:07
Front Board,Books,167,321.71,2025-02-15T02:15:09
Account Project,Home,73,266.29,2025-06-14T17:20:40
Miss Be,Books,158,161.41,2025-06-17T23:20:01
Everyone Size,Clothing,796,160.57,2025-07-05T08:17:01
Letter After,Clothing,598,409.79,2025-06-22T02:59:31
Able Sometimes,Home,150,157.96,2025-01-27T03:00:27
My Its,Home,750,13.22,2025-07-13T02:24:59
Local Own,Books,8,218.06,2025-08-15T15:31:12
Both Any,Home,798,454.08,2025-02-25T11:28:50
Computer Office,Electronics,645,23.11,2025-02-04T21:04:10
Game Sense,Electronics,226,95.1,2025-06-04T23:40:59
Think Land,Clothing,400,365.88,2025-01-10T07:24:25
Could Itself,Books,279,201.53,2025-08-29T00:04:50
Step List,Home,798,440.98,2025-07-29T08:34:37
Worker Right,Clothing,888,232.21,2025-05-17T18:40:45
Foot Skill,Electronics,805,95.76,2025-01-02T05:26:51
Water Like,Books,416,186.86,2025-04-10T07:26:59
Other Summer,Home,280,149.48,2025-04-19T11:40:34
First Hope,Clothing,472,300.04,2025-04-12T14:23:48
Commercial Baby,Electronics,208,265.44,2025-08-18T06:08:43
Plan Fill,Books,505,48.77,2025-02-10T14:07:58
Great Form,Books,9,48.61,2025-06-16T22:39:51
Family Word,Books,626,389.49,2025-07-09T06:57:14
Real Save,Clothing,947,440.49,2025-02-21T10:02:37
All Want,Books,455,18.31,2025-07-25T15:52:48
Third Article,Books,749,370.76,2025-05-09T11:53:42
Agent Actually,Electronics,230,1.57,2025-03-27T13:08:43
Clearly Evening,Home,56,279.68,2025-05-29T23:12:42
Home Require,Electronics,490,243.36,2025-02-12T21:19:29
Five Act,Home,745,279.08,2025-09-06T19:05:05
While Create,Electronics,891,62.86,2025-05-10T03:41:01
Mother Station,Home,642,379.23,2025-03-23T14:37:10
Media Try,Books,689,216.04,2025-07-02T09:47:13
Size Part,Clothing,90,285.73,2025-04-01T13:19:30
Ready Still,Home,656,155.55,2025-08-29T12:58:10
Factor Sister,Electronics,350,100.19,2025-04-05T00:20:33
Sort Movie,Books,82,160.1,2025-08-09T12:24:20
Center Certain,Electronics,769,160.13,2025-05-31T16:04:58
Yeah Conference,Clothing,876,243.48,2025-09-13T03:57:22
Order Next,Electronics,280,158.42,2025-07-31T18:57:37
Clear Analysis,Books,827,183.82,2025-03-17T05:36:00
Answer Piece,Clothing,915,185.04,2025-05-11T00:51:16
Foreign Tell,Clothing,556,339.46,2025-05-01T05:48:03
Pay Evidence,Clothing,894,8.03,2025-06-27T14:49:15
Page Tonight,Clothing,899,306.16,2025-01-23T00:42:50
International American,Books,512,54.2,2025-03-25T09:20:09
Positive Over,Home,314,240.28,2025-06-14T00:04:54
Area Product,Clothing,196,108.97,2025-01-07T21:01:47
Evening Arm,Home,226,294.82,2025-05-26T06:11:59
Themselves Alone,Clothing,83,259.33,2025-08-09T05:55:07
Others Large,Clothing,496,240.12,2025-06-16T08:56:51
After Remain,Books,98,464.79,2025-03-16T02:10:35
Stay Beat,Home,13,482.32,2025-02-22T03:49:43
School Often,Clothing,695,267.94,2025-04-25T08:34:49
Measure Situation,Clothing,333,495.81,2025-06-04T23:10:22
Next Our,Electronics,301,266.23,2025-05-16T00:21:20
Kid Return,Home,787,131.67,2025-02-26T14:51:21
Close A,Electronics,874,201.82,2025-09-03T09:02:02
Style Attention,Clothing,407,102.29,2025-02-23T00:45:22
Chance Tend,Books,702,322.9,2025-03-04T23:14:28
Culture Affect,Clothing,26,402.58,2025-01-29T17:18:30
Choose Forward,Clothing,418,229.76,2025-04-15T19:54:54
Education Significant,Books,290,79.42,2025-05-26T11:38:02
Product Source,Home,549,207.74,2025-05-19T08:51:19
Race Young,Books,251,98.93,2025-02-04T08:41:13
Save Voice,Clothing,349,484.58,2025-05-11T14:42:27
Design Particular,Home,795,2.61,2025-01-06T00:18:33
Record Paper,Books,797,456.82,2025-01-15T22:03:39
Fly Summer,Books,976,174.33,2025-08-08T18:58:24
Past Agree,Electronics,386,16.82,2025-04-21T14:32:04
Want Simply,Electronics,324,442.6,2025-07-27T16:15:49
Main Response,Home,829,200.51,2025-07-28T00:10:02
City Grow,Books,252,356.23,2025-06-24T22:02:17
Watch Analysis,Home,68,376.06,2025-06-13T13:55:13
Staff Gas,Electronics,940,235.66,2025-01-08T15:32:34
Important News,Clothing,739,261.91,2025-04-24T06:39:28
Financial Attorney,Clothing,161,76.98,2025-05-26T11:56:57
Citizen Those,Clothing,394,406.32,2025-02-14T07:21:09
Cup Lot,Home,258,20.4,2025-03-25T19:18:43
Suggest Project,Clothing,878,380.05,2025-04-12T20:34:23
Hospital Sense,Electronics,361,498.01,2025-05-23T03:16:19
Side Smile,Books,80,51.06,2025-06-27T15:09:23
Though Or,Clothing,734,135.93,2025-08-27T13:07:41
Clearly Old,Clothing,887,373.58,2025-03-11T01:48:53
Move Life,Clothing,63,465.31,2025-07-06T16:18:22
Nation Sit,Home,876,70.91,2025-09-08T15:54:38
Budget Newspaper,Books,591,279.17,2025-04-26T17:46:07
Such Look,Home,257,437.35,2025-02-02T10:34:38
Magazine Trade,Clothing,443,427.74,2025-04-06T05:11:11
Player Sign,Books,982,477.65,2025-05-13T06:29:37
Society Sort,Clothing,441,3.98,2025-09-01T22:50:31
Again With,Home,90,205.05,2025-04-13T15:51:53
Manage Stage,Clothing,173,261.6,2025-06-11T16:17:49
Happy Relationship,Clothing,778,175.67,2025-08-29T12:38:19
Social Heavy,Books,743,189.67,2025-09-07T02:56:07
Allow Area,Books,976,359.98,2025-06-18T17:33:12
On Join,Electronics,150,267.91,2025-03-04T02:05:07
Important Space,Clothing,889,372.36,2025-06-14T12:11:32
Religious Son,Electronics,47,87.37,2025-02-24T20:04:35
Step Beautiful,Electronics,605,173.15,2025-02-20T16:47:15
See Upon,Electronics,384,116.69,2025-01-03T13:50:20
Rich Arrive,Home,177,243.53,2025-08-20T23:38:41
Deal We,Books,911,234.23,2025-04-30T23:08:01
Hear Relate,Home,829,175.73,2025-02-02T17:28:27
Understand Environmental,Electronics,881,143.86,2025-05-09T18:27:01
Reality Option,Home,101,162.02,2025-06-11T02:59:18
Send Form,Clothing,68,259.47,2025-03-06T16:48:10
Around Religious,Clothing,169,143.43,2025-08-19T05:42:48
Woman Sport,Electronics,366,98.29,2025-04-06T02:09:17
Put Staff,Home,956,45.63,2025-04-04T06:11:58
Age Mean,Books,219,290.95,2025-04-11T18:02:20
Brother Article,Books,902,217.54,2025-04-28T08:13:01
Box Hair,Home,221,341.75,2025-06-19T19:59:52
Nice Thousand,Electronics,74,281.35,2025-08-05T23:09:30
Successful Personal,Clothing,233,100.45,2025-08-23T02:53:22
Almost Significant,Clothing,448,229.0,2025-03-03T16:28:09
Writer Seat,Books,989,139.05,2025-09-04T17:28:06
Relate Human,Books,163,436.07,2025-06-25T00:33:33
Seven Southern,Books,9,30.63,2025-07-01T14:57:41
May Scene,Home,945,263.7,2025-04-15T10:03:22
Economy Write,Electronics,306,423.37,2025-03-12T06:40:01
Old Focus,Home,243,455.39,2025-05-02T03:53:54
Example Organization,Books,448,55.96,2025-02-07T15:04:25
Free Evening,Electronics,158,259.01,2025-08-03T08:59:04
Race Understand,Clothing,552,272.05,2025-06-04T09:19:16
Store Cultural,Electronics,263,253.22,2025-08-08T18:21:51
Southern Institution,Electronics,55,175.0,2025-08-05T13:46:45
Water However,Home,540,332.99,2025-02-17T07:51:21
Seem Minute,Clothing,411,394.6,2025-06-02T11:54:07
Behind Difficult,Electronics,176,199.2,2025-05-20T01:52:57
If Together,Clothing,302,120.45,2025-06-24T19:29:03
Begin Anything,Electronics,638,37.56,2025-07-15T11:33:50
Practice Family,Home,149,146.08,2025-09-04T05:24:39
Difference North,Home,61,236.8,2025-08-12T21:43:12
Watch Federal,Home,169,319.96,2025-04-24T01:50:19
Class Baby,Electronics,631,311.44,2025-06-20T03:26:45
Return Apply,Books,612,282.99,2025-01-14T13:04:39
Challenge Ahead,Books,811,404.52,2025-01-28T05:52:53
Simple Memory,Electronics,747,421.93,2025-06-13T05:39:08
Half Several,Books,254,457.82,2025-07-31T02:31:06
Check Since,Books,208,358.72,2025-07-01T11:57:19
Easy Enter,Home,55,476.9,2025-08-21T19:44:39
Travel International,Home,912,246.58,2025-04-19T00:41:46
Measure Piece,Electronics,374,86.5,2025-02-21T17:58:26
Father Peace,Clothing,354,191.46,2025-08-14T03:18:46
Question Live,Books,469,290.57,2025-01-27T15:31:39
Hotel Interest,Electronics,571,106.06,2025-07-28T22:18:46
Pull Company,Home,122,483.13,2025-04-14T03:09:12
Economic Body,Home,294,69.7,2025-07-15T14:03:10
Discussion Paper,Books,727,1.23,2025-04-18T09:41:26
Thousand Past,Books,886,410.31,2025-05-06T21:03:07
Success Street,Books,74,124.78,2025-02-03T12:51:09
Common More,Clothing,13,401.13,2025-06-25T02:03:31
Chance Around,Books,206,78.13,2025-03-14T04:07:07
Professor Go,Clothing,810,148.92,2025-02-13T20:39:07
Media Often,Electronics,140,250.52,2025-02-20T11:30:33
Bill Alone,Home,157,339.12,2025-02-15T15:01:31
Benefit Drive,Clothing,415,306.2,2025-07-14T21:10:02
All Mrs,Electronics,942,379.41,2025-01-22T19:04:33
My Woman,Electronics,613,36.96,2025-02-01T01:35:55
Effect Arrive,Clothing,381,246.11,2025-05-29T15:16:20
Design Spring,Home,128,106.96,2025-09-02T05:55:24
Single That,Clothing,783,105.56,2025-02-05T09:06:03
Scientist Senior,Clothing,654,117.53,2025-04-17T13:11:30
Level Bank,Home,340,476.64,2025-06-15T18:19:12
Former Remain,Books,747,387.63,2025-05-28T11:40:14
Campaign Exist,Books,839,431.9,2025-03-12T20:08:52
Create Source,Electronics,298,383.66,2025-01-01T05:11:13
Several Together,Clothing,47,73.84,2025-04-28T02:08:36
Beyond Fall,Clothing,549,480.99,2025-02-22T02:05:18
One Lay,Clothing,928,457.94,2025-06-25T23:28:53
Can Reduce,Electronics,230,197.21,2025-01-13T13:11:38
Whom Between,Electronics,548,166.05,2025-05-28T13:06:05
Thing Make,Home,988,97.74,2025-08-22T05:36:43
Likely Road,Clothing,432,96.84,2025-09-10T14:02:22
Administration Choose,Electronics,472,196.81,2025-06-21T10:12:04
Staff Agent,Home,790,45.97,2025-05-10T09:55:29
Food Seven,Electronics,948,15.75,2025-05-08T11:25:32
Religious Audience,Books,261,248.55,2025-07-06T12:22:49
Student Realize,Home,633,309.23,2025-06-11T11:13:16
Modern View,Books,914,408.49,2025-03-16T22:48:29
Avoid Personal,Books,354,340.55,2025-05-29T23:30:56
Everyone Product,Electronics,625,275.45,2025-08-31T11:28:36
Young Music,Electronics,315,19.51,2025-07-31T19:48:39
Stage Data,Books,566,55.6,2025-07-04T10:42:59
Ability Box,Electronics,365,89.34,2025-05-23T07:26:28
Soldier Project,Electronics,834,499.81,2025-04-03T16:41:39
Green Attorney,Clothing,136,15.9,2025-09-08T09:54:44
Difference Matter,Clothing,455,342.61,2025-07-11T11:48:52
Prove Almost,Books,254,490.25,2025-03-29T12:36:56
Seek Light,Electronics,96,321.28,2025-03-17T02:45:45
Moment Pick,Clothing,181,122.41,2025-04-19T10:07:59
Thank Son,Electronics,454,430.06,2025-04-12T10:00:34
Huge Ten,Books,80,72.57,2025-04-26T18:06:59
Very Much,Electronics,779,198.75,2025-07-18T23:37:26
Less Simple,Clothing,768,310.36,2025-01-26T12:00:44
Western Also,Books,378,66.56,2025-08-22T10:09:45
Actually Interview,Clothing,125,32.45,2025-04-20T11:12:35
Series While,Clothing,355,401.33,2025-01-31T13:52:09
Bar Hundred,Books,48,191.53,2025-05-08T19:15:32
Course Relationship,Home,23,268.64,2025-07-11T17:12:19
End To,Electronics,149,196.91,2025-02-05T17:59:57
Realize Money,Electronics,170,326.17,2025-09-08T07:39:40
Resource Woman,Electronics,308,366.43,2025-02-23T02:07:49
For Commercial,Books,796,365.5,2025-02-25T21:44:27
Raise Actually,Clothing,343,28.52,2025-08-16T05:21:33
Role Major,Books,243,320.03,2025-08-29T03:29:07
Really Almost,Clothing,489,235.74,2025-07-06T01:40:35
Wear Better,Electronics,288,389.05,2025-04-04T01:12:56
Power People,Clothing,886,383.71,2025-07-03T01:48:58
Strategy Pick,Electronics,138,247.52,2025-05-26T15:42:40
Contain Skill,Electronics,110,189.69,2025-08-12T22:46:47
Piece Front,Books,882,178.07,2025-03-08T14:21:24
Heart Others,Electronics,41,401.96,2025-01-28T06:06:01
Mr Large,Home,560,182.05,2025-01-24T23:51:34
Several Town,Books,285,378.95,2025-03-12T14:23:05
Range Environmental,Electronics,922,84.12,2025-03-28T22:37:02
Magazine Within,Electronics,90,368.34,2025-06-04T00:20:47
Administration Buy,Electronics,206,307.49,2025-08-20T01:42:45
Media Else,Electronics,341,116.15,2025-05-16T11:11:08
Ball Really,Books,183,208.4,2025-05-29T04:40:51
Never Citizen,Home,473,97.68,2025-01-12T19:36:38
Effort Performance,Books,195,376.67,2025-07-04T21:42:25
Baby Responsibility,Electronics,302,432.17,2025-05-11T13:32:32
Whole True,Books,147,277.02,2025-02-04T02:02:40
Special Standard,Home,641,167.12,2025-04-08T08:01:16
Image Agreement,Clothing,470,78.91,2025-03-03T15:19:25
Their Ago,Books,286,333.58,2025-02-22T01:36:12
Network International,Home,676,52.28,2025-01-04T10:29:59
Less Live,Electronics,651,333.26,2025-07-09T04:55:25
Dark Experience,Electronics,861,378.62,2025-04-18T09:50:46
Develop Machine,Electronics,176,221.04,2025-06-12T13:29:10
Late Newspaper,Home,594,403.15,2025-07-21T01:26:13
Gun Seek,Clothing,14,87.46,2025-08-09T05:57:34
Financial Half,Books,399,166.23,2025-01-02T14:05:01
Threat Them,Books,40,438.7,2025-04-21T07:55:18
Situation Bag,Books,623,177.67,2025-02-07T07:19:34
Little Check,Clothing,748,238.98,2025-05-16T12:28:48
Notice Concern,Books,506,247.72,2025-04-29T22:24:59
Also Herself,Electronics,876,498.25,2025-05-01T07:47:29
Interest Them,Clothing,519,388.34,2025-03-04T03:09:34
If Positive,Electronics,246,368.27,2025-03-30T02:29:28
Act Partner,Clothing,767,260.95,2025-06-04T14:14:56
These Born,Electronics,305,438.67,2025-05-17T05:32:32
Always Protect,Electronics,444,473.19,2025-04-04T16:58:41
Never Case,Books,664,465.35,2025-06-27T11:14:52
According Worry,Home,665,21.77,2025-01-23T23:30:18
Suggest Activity,Home,695,424.49,2025-04-02T23:38:38
Build Born,Clothing,351,181.32,2025-05-23T10:29:44
Smile Everyone,Books,730,63.54,2025-06-27T16:13:59
Among Most,Clothing,662,222.71,2025-08-04T10:16:22
Administration Debate,Electronics,972,265.82,2025-05-14T02:46:43
Same Try,Home,194,457.07,2025-06-28T21:39:07
Tend Attention,Electronics,455,365.29,2025-05-01T10:06:53
Movie Today,Electronics,79,461.05,2025-09-11T09:53:21
International Court,Home,251,155.6,2025-08-10T08:24:46
Effort Resource,Electronics,413,187.67,2025-08-04T17:48:09
Evidence Where,Books,785,421.78,2025-04-07T07:02:55
Them Score,Books,583,36.35,2025-02-10T08:51:25
Condition Attention,Books,191,36.16,2025-03-23T05:54:37
Apply Recent,Electronics,282,38.71,2025-03-08T01:47:37
Over Baby,Electronics,967,21.86,2025-05-22T18:41:56
Program White,Clothing,679,262.21,2025-03-28T19:03:43
Wife Yeah,Electronics,773,398.49,2025-04-16T01:42:17
Down Trial,Home,175,330.32,2025-05-02T16:43:22
Make Song,Home,489,481.31,2025-07-23T08:30:44
There Open,Books,39,398.33,2025-02-13T05:24:58
Line Relationship,Books,925,306.01,2025-02-02T17:44:21
Hundred Sit,Clothing,925,410.16,2025-01-15T13:37:35
Area Party,Clothing,213,393.62,2025-03-27T07:49:38
Suffer Purpose,Electronics,968,129.67,2025-05-20T21:46:51
Situation Customer,Books,531,410.64,2025-02-12T05:12:24
Any Development,Home,468,235.13,2025-03-07T20:31:04
Street Spend,Books,250,219.48,2025-09-09T04:06:49
Shoulder Rich,Home,896,213.3,2025-07-16T09:52:19
Film Investment,Books,709,437.75,2025-03-08T15:34:16
Defense Paper,Electronics,612,234.86,2025-07-22T20:08:39
Student It,Clothing,663,479.52,2025-08-17T14:28:21
Chance Seven,Books,981,251.83,2025-04-09T11:07:40
Interest While,Clothing,27,43.01,2025-07-25T04:53:30
Your Dog,Books,654,370.21,2025-08-01T17:27:19
Either Prevent,Books,376,245.57,2025-09-10T22:13:05
Trouble Range,Clothing,193,128.34,2025-08-14T09:33:07
All History,Books,627,179.81,2025-03-30T07:23:43
Simple Partner,Books,867,483.55,2025-05-24T20:20:43
Quickly Investment,Electronics,819,377.23,2025-07-26T01:29:27
Fire View,Home,180,359.82,2025-07-18T09:35:26
Tree And,Electronics,318,204.43,2025-08-06T01:31:27
Former Window,Home,630,164.18,2025-02-13T11:12:45
Rock Sing,Home,591,276.92,2025-05-07T07:15:10
Book Gas,Clothing,808,72.16,2025-05-18T17:08:25
For Later,Books,639,479.21,2025-03-06T17:52:18
New Middle,Clothing,492,129.12,2025-04-06T03:13:25
Another Board,Home,19,177.44,2025-03-13T20:19:20
Him Miss,Books,11,1.0,2025-06-23T00:41:05
Future About,Electronics,62,454.06,2025-03-14T08:07:16
Concern Economy,Clothing,832,382.5,2025-06-25T03:41:23
Son Lawyer,Books,430,403.82,2025-04-29T05:13:17
Do Song,Electronics,775,360.13,2025-02-26T18:36:35
Himself Treat,Books,688,465.29,2025-06-20T03:59:16
Raise Into,Home,169,171.1,2025-06-06T00:56:18
Forget Bit,Clothing,705,160.29,2025-03-06T23:30:03
Because Smile,Books,829,214.95,2025-06-03T22:30:49
Yard Early,Home,796,276.94,2025-09-06T21:42:13
Hand Break,Electronics,482,188.64,2025-05-28T21:05:50
Suggest Body,Electronics,783,275.37,2025-06-13T09:36:57
Ok List,Books,75,284.19,2025-05-25T09:14:58
Happy Spend,Electronics,621,95.4,2025-08-22T04:33:25
Mention Dog,Books,488,299.06,2025-03-08T12:05:40
Level Catch,Books,227,82.65,2025-09-09T13:19:23
Of Including,Clothing,968,435.76,2025-06-04T19:05:54
Source Leg,Books,934,204.65,2025-08-18T00:53:44
Level Candidate,Clothing,210,16.13,2025-06-03T11:32:01
Reality Bed,Clothing,460,264.82,2025-06-15T23:51:08
Anything Center,Clothing,975,166.24,2025-07-21T03:38:57
Team Society,Books,470,448.13,2025-05-31T08:30:29
Record Vote,Books,268,54.69,2025-04-06T02:37:59
Person Determine,Home,762,120.14,2025-06-03T23:50:23
Picture Check,Electronics,421,175.32,2025-09-06T17:11:33
Right So,Clothing,279,453.47,2025-01-10T02:30:13
Each Shoulder,Books,398,406.58,2025-01-08T02:32:52
Company Arrive,Home,80,126.35,2025-02-07T15:50:51
Race Ever,Clothing,844,464.92,2025-01-05T09:48:53
Water Bed,Books,433,268.01,2025-07-04T18:09:59
Responsibility Particular,Electronics,606,91.86,2025-05-10T23:42:46
Sell Speech,Books,804,141.51,2025-02-28T00:59:11
Mouth Memory,Books,783,153.0,2025-02-19T06:42:08
Congress Travel,Books,264,473.67,2025-08-16T23:54:27
Hospital According,Home,346,179.52,2025-06-10T03:42:33
Wrong Choose,Electronics,887,381.88,2025-03-23T03:42:05
Picture Early,Electronics,362,445.62,2025-07-10T04:57:33
International Glass,Electronics,101,342.43,2025-01-13T08:03:05
Effect Science,Books,972,276.82,2025-06-03T00:38:24
Hope Hope,Home,163,53.97,2025-09-10T15:44:30
Expert Seek,Books,666,197.75,2025-07-04T17:30:37
Very Thousand,Clothing,945,10.67,2025-04-03T00:48:33
Reality Shake,Home,885,139.59,2025-01-27T23:44:08
Morning Hot,Home,829,406.27,2025-02-05T14:12:59
Have Collection,Electronics,977,295.38,2025-07-16T12:34:22
Finish Stage,Books,41,375.44,2025-09-04T16:01:39
Step Near,Electronics,130,70.89,2025-06-26T06:56:09
Draw Network,Books,751,299.32,2025-01-04T18:38:00
Help Loss,Electronics,38,172.04,2025-05-07T02:23:08
Research Just,Electronics,143,96.81,2025-06-23T22:25:24
Part Our,Home,614,330.15,2025-07-08T05:33:30
Always Financial,Clothing,803,298.95,2025-03-15T11:45:52
Last Reality,Books,511,207.86,2025-02-17T01:35:50
Sea Discussion,Home,228,188.64,2025-05-14T17:36:19
Often Night,Home,227,373.39,2025-06-04T17:48:38
Manage Wide,Electronics,546,3.84,2025-02-24T16:13:23
Step Thought,Books,369,296.37,2025-01-07T15:49:57
Describe Eye,Clothing,712,464.59,2025-03-09T10:26:04
Develop Ask,Clothing,600,489.13,2025-03-11T13:36:56
Real Southern,Electronics,626,474.48,2025-03-19T17:30:44
Likely Section,Clothing,445,42.19,2025-07-19T04:17:22
Image Three,Clothing,577,449.71,2025-04-01T16:09:57
Program Give,Books,496,58.87,2025-07-26T02:56:01
Mr Such,Clothing,995,44.89,2025-07-22T19:16:38
Anyone Camera,Home,428,446.7,2025-02-21T00:28:57
Late Always,Home,629,98.58,2025-07-08T08:45:30
Production Reveal,Clothing,628,62.78,2025-03-18T05:54:55
Interest Process,Electronics,437,103.46,2025-05-22T12:55:54
Yes Much,Clothing,528,45.23,2025-02-11T21:38:41
Position Plant,Home,414,102.41,2025-04-12T07:13:03
Tend Able,Clothing,586,460.9,2025-07-13T22:05:00
Country Run,Home,818,97.35,2025-06-12T00:20:34
Year Generation,Clothing,170,164.53,2025-02-27T19:49:20
Travel Leave,Electronics,398,192.44,2025-03-07T01:25:12
Develop Year,Home,969,36.06,2025-07-08T12:38:11
Knowledge So,Home,759,199.58,2025-02-26T20:50:47
Forward Offer,Home,352,177.58,2025-09-01T01:29:38
Most Blue,Books,65,484.03,2025-05-31T15:58:28
Tough Decade,Electronics,407,297.02,2025-06-14T08:34:23
Else When,Clothing,335,291.17,2025-07-15T01:29:33
Movement Art,Clothing,131,390.39,2025-07-07T22:38:37
Agent Tv,Books,118,444.44,2025-03-03T09:00:07
Better Project,Electronics,765,129.46,2025-05-12T21:48:18
Cut National,Electronics,422,306.25,2025-01-13T21:38:38
Mrs Remember,Clothing,842,136.92,2025-03-26T17:41:06
Paper Draw,Clothing,733,470.96,2025-02-01T23:09:05
Participant Ability,Home,497,42.41,2025-09-03T17:08:53
Like Health,Books,622,424.1,2025-02-15T14:36:00
Difference Suggest,Home,871,143.47,2025-03-16T11:33:09
Time Experience,Home,107,412.18,2025-09-02T11:03:13
Again Care,Clothing,454,423.02,2025-02-21T02:23:55
Point Build,Home,821,65.8,2025-06-26T10:52:33
Shoulder Behavior,Clothing,887,170.46,2025-06-04T10:46:37
Ten Trip,Home,48,74.26,2025-04-04T13:42:37
Lawyer Begin,Clothing,56,107.21,2025-07-26T20:24:56
Stop Purpose,Books,421,66.35,2025-04-06T15:32:31
Father Three,Electronics,33,8.26,2025-01-27T01:52:53
Read Audience,Clothing,275,31.83,2025-06-01T13:44:58
Mention Whether,Books,726,495.15,2025-02-06T08:40:54
Rate Rich,Clothing,420,15.06,2025-05-03T03:29:10
Just Begin,Clothing,9,381.52,2025-01-01T13:57:46
Policy Control,Books,17,246.09,2025-03-18T07:45:40
Become Expect,Clothing,827,285.41,2025-08-14T18:04:14
Car Attention,Electronics,832,94.73,2025-01-30T01:00:05
Leave Road,Electronics,229,231.51,2025-08-09T20:04:37
Go Near,Home,70,46.87,2025-04-21T12:08:50
Full Attention,Home,407,406.37,2025-07-09T10:04:42
Ground Matter,Home,557,233.23,2025-08-18T11:30:33
Wrong Edge,Clothing,524,246.53,2025-06-16T06:43:34
Rather Treat,Home,605,438.16,2025-08-08T06:38:01
Spring Should,Books,174,379.47,2025-03-26T11:26:29
Machine Across,Home,818,474.97,2025-02-18T00:12:00
Less Performance,Clothing,899,320.19,2025-06-29T14:55:58
Line Player,Home,612,287.83,2025-08-01T16:24:27
Design Soon,Books,707,216.65,2025-09-06T21:32:21
Focus Notice,Clothing,325,69.88,2025-08-14T02:34:47
Growth Compare,Books,125,283.43,2025-09-07T12:37:08
Since Society,Electronics,591,488.38,2025-03-03T16:02:35
Bar Result,Books,614,446.09,2025-01-10T14:09:38
Successful Respond,Books,840,399.37,2025-04-02T07:48:51
Approach Mr,Home,555,340.12,2025-05-06T08:40:47
Threat Knowledge,Electronics,701,109.26,2025-01-17T13:52:23
Sort Personal,Books,192,12.21,2025-08-10T02:28:26
Girl Book,Books,856,358.92,2025-02-19T08:04:57
Word Out,Electronics,186,423.79,2025-06-10T09:01:29
Mother Apply,Home,979,296.17,2025-02-15T08:24:12
Over Start,Electronics,489,275.05,2025-07-30T16:32:46
Apply Sound,Clothing,554,66.32,2025-07-06T08:47:28
Person Officer,Home,198,50.83,2025-06-28T23:33:16
North Interview,Books,688,85.1,2025-06-30T12:46:28
May Rest,Clothing,476,28.77,2025-06-04T11:24:00
Win Land,Clothing,427,359.28,2025-03-14T01:16:02
Student Hair,Clothing,836,230.66,2025-06-26T02:12:02
Everyone Value,Books,77,494.93,2025-08-12T17:01:47
Single Can,Home,552,290.84,2025-01-04T02:35:11
Although Thousand,Books,365,217.53,2025-03-07T04:53:33
Group While,Clothing,675,272.36,2025-04-03T05:07:52
Improve Lead,Electronics,383,12.04,2025-05-09T11:26:04
Agree Just,Home,524,246.14,2025-07-04T21:52:33
Keep Notice,Home,659,223.79,2025-09-05T22:17:18
Third Recently,Electronics,736,85.73,2025-03-26T16:43:49
Reality Single,Clothing,789,353.53,2025-05-17T11:46:34
Success Want,Clothing,289,348.62,2025-07-17T15:36:29
Significant Every,Home,443,269.72,2025-02-16T17:41:40
House Design,Electronics,669,494.53,2025-02-18T01:51:58
Strong Section,Clothing,208,316.44,2025-02-22T07:34:23
Remain Sister,Electronics,500,463.73,2025-02-13T01:25:07
Country Society,Home,527,404.73,2025-04-06T16:38:38
Require Next,Electronics,849,34.92,2025-05-03T01:06:55
Morning Possible,Electronics,452,452.12,2025-04-29T19:18:44
Upon Lawyer,Home,607,268.93,2025-02-08T15:53:30
Physical Husband,Home,990,254.82,2025-03-11T04:25:26
While Rest,Books,90,296.62,2025-09-11T14:54:41
Class Wife,Books,661,160.83,2025-01-09T18:09:34
Itself Dream,Home,139,158.17,2025-05-25T08:21:52
Defense Agree,Electronics,760,294.75,2025-07-17T23:21:52
Wind Success,Clothing,105,274.09,2025-01-02T09:41:48
All Will,Clothing,283,1.83,2025-01-27T16:16:12
Prove School,Electronics,712,164.56,2025-04-26T01:45:20
Conference End,Clothing,676,111.56,2025-08-14T16:29:07
Positive After,Clothing,768,202.78,2025-05-08T22:54:49
Fund Road,Clothing,194,375.94,2025-08-30T06:54:15
Remember Represent,Home,681,282.21,2025-06-02T07:58:06
Reality Animal,Books,923,69.22,2025-04-14T09:19:54
Quickly Throw,Clothing,419,344.02,2025-04-14T20:43:40
Continue Bar,Clothing,705,259.13,2025-02-17T04:25:36
Heart Foreign,Clothing,87,67.82,2025-01-05T17:31:01
Dinner Data,Home,736,234.84,2025-09-11T13:29:17
Require First,Clothing,435,198.87,2025-08-27T22:48:05
Control While,Electronics,42,229.99,2025-08-02T06:40:35
Eye Record,Books,597,224.23,2025-07-24T05:16:14
Eye Hear,Clothing,94,291.76,2025-01-12T17:05:19
Financial Laugh,Home,66,385.69,2025-08-02T22:55:16
Page Huge,Books,173,419.97,2025-08-12T02:40:52
Hit Mind,Clothing,255,320.86,2025-05-07T12:17:12
Husband Outside,Electronics,571,416.76,2025-06-22T13:53:12
Majority Become,Clothing,569,91.57,2025-03-02T23:04:32
Style Account,Electronics,547,432.09,2025-03-28T12:05:09
Age Which,Home,816,96.68,2025-04-02T01:11:27
Still Want,Clothing,692,217.37,2025-03-19T01:31:40
Half Strategy,Home,350,490.86,2025-05-24T03:03:27
Summer Him,Electronics,774,470.36,2025-04-06T04:00:45
Now Whom,Electronics,140,464.99,2025-06-21T15:23:46
